,data_id,treat,age,educ,black,hisp,marr,nodegree,re74,re75,re78
0,Dehejia-Wahba Sample,1,37,11,1,0,1,1,0.0,0.0,9930.046
1,Dehejia-Wahba Sample,1,22,9,0,1,0,1,0.0,0.0,3595.894
2,Dehejia-Wahba Sample,1,30,12,1,0,0,0,0.0,0.0,24909.45
3,Dehejia-Wahba Sample,1,27,11,1,0,0,1,0.0,0.0,7506.146
4,Dehejia-Wahba Sample,1,33,8,1,0,0,1,0.0,0.0,289.7899
5,Dehejia-Wahba Sample,1,22,9,1,0,0,1,0.0,0.0,4056.494
6,Dehejia-Wahba Sample,1,23,12,1,0,0,0,0.0,0.0,0.0
7,Dehejia-Wahba Sample,1,32,11,1,0,0,1,0.0,0.0,8472.158
8,Dehejia-Wahba Sample,1,22,16,1,0,0,0,0.0,0.0,2164.022
9,Dehejia-Wahba Sample,1,33,12,0,0,1,0,0.0,0.0,12418.07
10,Dehejia-Wahba Sample,1,19,9,1,0,0,1,0.0,0.0,8173.908
11,Dehejia-Wahba Sample,1,21,13,1,0,0,0,0.0,0.0,17094.64
12,Dehejia-Wahba Sample,1,18,8,1,0,0,1,0.0,0.0,0.0
13,Dehejia-Wahba Sample,1,27,10,1,0,1,1,0.0,0.0,18739.93
14,Dehejia-Wahba Sample,1,17,7,1,0,0,1,0.0,0.0,3023.879
15,Dehejia-Wahba Sample,1,19,10,1,0,0,1,0.0,0.0,3228.503
16,Dehejia-Wahba Sample,1,27,13,1,0,0,0,0.0,0.0,14581.86
17,Dehejia-Wahba Sample,1,23,10,1,0,0,1,0.0,0.0,7693.4
18,Dehejia-Wahba Sample,1,40,12,1,0,0,0,0.0,0.0,10804.32
19,Dehejia-Wahba Sample,1,26,12,1,0,0,0,0.0,0.0,10747.35
20,Dehejia-Wahba Sample,1,23,11,1,0,0,1,0.0,0.0,0.0
21,Dehejia-Wahba Sample,1,41,14,0,0,0,0,0.0,0.0,5149.501
22,Dehejia-Wahba Sample,1,38,9,0,0,0,1,0.0,0.0,6408.95
23,Dehejia-Wahba Sample,1,24,11,1,0,0,1,0.0,0.0,1991.4
24,Dehejia-Wahba Sample,1,18,10,1,0,0,1,0.0,0.0,11163.17
25,Dehejia-Wahba Sample,1,29,11,1,0,1,1,0.0,0.0,9642.999
26,Dehejia-Wahba Sample,1,25,11,1,0,0,1,0.0,0.0,9897.049
27,Dehejia-Wahba Sample,1,27,10,0,1,0,1,0.0,0.0,11142.87
28,Dehejia-Wahba Sample,1,17,10,1,0,0,1,0.0,0.0,16218.04
29,Dehejia-Wahba Sample,1,24,11,1,0,0,1,0.0,0.0,995.7002
30,Dehejia-Wahba Sample,1,17,10,1,0,0,1,0.0,0.0,0.0
31,Dehejia-Wahba Sample,1,48,4,1,0,0,1,0.0,0.0,6551.592
32,Dehejia-Wahba Sample,1,25,11,1,0,1,1,0.0,0.0,1574.424
33,Dehejia-Wahba Sample,1,20,12,1,0,0,0,0.0,0.0,0.0
34,Dehejia-Wahba Sample,1,25,12,1,0,0,0,0.0,0.0,3191.753
35,Dehejia-Wahba Sample,1,42,14,1,0,0,0,0.0,0.0,20505.93
36,Dehejia-Wahba Sample,1,25,5,1,0,0,1,0.0,0.0,6181.88
37,Dehejia-Wahba Sample,1,23,12,1,0,1,0,0.0,0.0,5911.551
38,Dehejia-Wahba Sample,1,46,8,1,0,1,1,0.0,0.0,3094.156
39,Dehejia-Wahba Sample,1,24,10,1,0,0,1,0.0,0.0,0.0
40,Dehejia-Wahba Sample,1,21,12,1,0,0,0,0.0,0.0,1254.582
41,Dehejia-Wahba Sample,1,19,9,0,0,0,1,0.0,0.0,13188.83
42,Dehejia-Wahba Sample,1,17,8,1,0,0,1,0.0,0.0,8061.485
43,Dehejia-Wahba Sample,1,18,8,0,1,1,1,0.0,0.0,2787.96
44,Dehejia-Wahba Sample,1,20,11,1,0,0,1,0.0,0.0,3972.54
45,Dehejia-Wahba Sample,1,25,11,1,0,1,1,0.0,0.0,0.0
46,Dehejia-Wahba Sample,1,17,8,1,0,0,1,0.0,0.0,0.0
47,Dehejia-Wahba Sample,1,17,9,1,0,0,1,0.0,0.0,0.0
48,Dehejia-Wahba Sample,1,25,5,1,0,0,1,0.0,0.0,12187.41
49,Dehejia-Wahba Sample,1,23,12,1,0,0,0,0.0,0.0,4843.176
50,Dehejia-Wahba Sample,1,28,8,1,0,0,1,0.0,0.0,0.0
51,Dehejia-Wahba Sample,1,31,11,1,0,1,1,0.0,0.0,8087.487
52,Dehejia-Wahba Sample,1,18,11,1,0,0,1,0.0,0.0,0.0
53,Dehejia-Wahba Sample,1,25,12,1,0,0,0,0.0,0.0,2348.973
54,Dehejia-Wahba Sample,1,30,11,1,0,1,1,0.0,0.0,590.7818
55,Dehejia-Wahba Sample,1,17,10,1,0,0,1,0.0,0.0,0.0
56,Dehejia-Wahba Sample,1,37,9,1,0,0,1,0.0,0.0,1067.506
57,Dehejia-Wahba Sample,1,41,4,1,0,1,1,0.0,0.0,7284.986
58,Dehejia-Wahba Sample,1,42,14,1,0,1,0,0.0,0.0,13167.52
59,Dehejia-Wahba Sample,1,22,11,0,0,0,1,0.0,0.0,1048.432
60,Dehejia-Wahba Sample,1,17,8,1,0,0,1,0.0,0.0,0.0
61,Dehejia-Wahba Sample,1,29,8,1,0,0,1,0.0,0.0,1923.938
62,Dehejia-Wahba Sample,1,35,10,1,0,0,1,0.0,0.0,4666.236
63,Dehejia-Wahba Sample,1,27,11,1,0,0,1,0.0,0.0,549.2984
64,Dehejia-Wahba Sample,1,29,4,1,0,0,1,0.0,0.0,762.9146
65,Dehejia-Wahba Sample,1,28,9,1,0,0,1,0.0,0.0,10694.29
66,Dehejia-Wahba Sample,1,27,11,1,0,0,1,0.0,0.0,0.0
67,Dehejia-Wahba Sample,1,23,7,0,0,0,1,0.0,0.0,0.0
68,Dehejia-Wahba Sample,1,45,5,1,0,1,1,0.0,0.0,8546.715
69,Dehejia-Wahba Sample,1,29,13,1,0,0,0,0.0,0.0,7479.656
70,Dehejia-Wahba Sample,1,27,9,1,0,0,1,0.0,0.0,0.0
71,Dehejia-Wahba Sample,1,46,13,1,0,0,0,0.0,0.0,647.2046
72,Dehejia-Wahba Sample,1,18,6,1,0,0,1,0.0,0.0,0.0
73,Dehejia-Wahba Sample,1,25,12,1,0,0,0,0.0,0.0,11965.81
74,Dehejia-Wahba Sample,1,28,15,1,0,0,0,0.0,0.0,9598.541
75,Dehejia-Wahba Sample,1,25,11,0,0,0,1,0.0,0.0,18783.35
76,Dehejia-Wahba Sample,1,22,12,1,0,0,0,0.0,0.0,18678.08
77,Dehejia-Wahba Sample,1,21,9,1,0,0,1,0.0,0.0,0.0
78,Dehejia-Wahba Sample,1,40,11,1,0,0,1,0.0,0.0,23005.6
79,Dehejia-Wahba Sample,1,22,11,1,0,0,1,0.0,0.0,6456.697
80,Dehejia-Wahba Sample,1,25,12,1,0,0,0,0.0,0.0,0.0
81,Dehejia-Wahba Sample,1,18,12,1,0,0,0,0.0,0.0,2321.107
82,Dehejia-Wahba Sample,1,38,12,0,0,0,0,0.0,0.0,4941.849
83,Dehejia-Wahba Sample,1,27,13,1,0,0,0,0.0,0.0,0.0
84,Dehejia-Wahba Sample,1,27,8,1,0,0,1,0.0,0.0,0.0
85,Dehejia-Wahba Sample,1,38,11,1,0,0,1,0.0,0.0,0.0
86,Dehejia-Wahba Sample,1,23,8,0,1,0,1,0.0,0.0,3881.284
87,Dehejia-Wahba Sample,1,26,11,1,0,0,1,0.0,0.0,17230.96
88,Dehejia-Wahba Sample,1,21,12,0,0,0,0,0.0,0.0,8048.603
89,Dehejia-Wahba Sample,1,25,8,1,0,0,1,0.0,0.0,0.0
90,Dehejia-Wahba Sample,1,31,11,1,0,1,1,0.0,0.0,14509.93
91,Dehejia-Wahba Sample,1,17,10,1,0,0,1,0.0,0.0,0.0
92,Dehejia-Wahba Sample,1,25,11,1,0,0,1,0.0,0.0,0.0
93,Dehejia-Wahba Sample,1,21,12,1,0,0,0,0.0,0.0,9983.784
94,Dehejia-Wahba Sample,1,44,11,1,0,0,1,0.0,0.0,0.0
95,Dehejia-Wahba Sample,1,25,12,0,0,0,0,0.0,0.0,5587.503
96,Dehejia-Wahba Sample,1,18,9,1,0,0,1,0.0,0.0,4482.845
97,Dehejia-Wahba Sample,1,42,12,1,0,0,0,0.0,0.0,2456.153
98,Dehejia-Wahba Sample,1,25,10,1,0,0,1,0.0,0.0,0.0
99,Dehejia-Wahba Sample,1,31,9,0,1,0,1,0.0,0.0,26817.6
100,Dehejia-Wahba Sample,1,24,10,1,0,0,1,0.0,0.0,0.0
101,Dehejia-Wahba Sample,1,26,10,1,0,0,1,0.0,0.0,9265.788
102,Dehejia-Wahba Sample,1,25,11,1,0,0,1,0.0,0.0,485.2298
103,Dehejia-Wahba Sample,1,18,11,1,0,0,1,0.0,0.0,4814.627
104,Dehejia-Wahba Sample,1,19,11,1,0,0,1,0.0,0.0,7458.105
105,Dehejia-Wahba Sample,1,43,9,1,0,0,1,0.0,0.0,0.0
106,Dehejia-Wahba Sample,1,27,13,1,0,0,0,0.0,0.0,34099.28
107,Dehejia-Wahba Sample,1,17,9,1,0,0,1,0.0,0.0,1953.268
108,Dehejia-Wahba Sample,1,30,11,1,0,0,1,0.0,0.0,0.0
109,Dehejia-Wahba Sample,1,26,10,1,0,1,1,2027.999,0.0,0.0
110,Dehejia-Wahba Sample,1,20,9,1,0,0,1,6083.994,0.0,8881.665
111,Dehejia-Wahba Sample,1,17,9,0,1,0,1,445.1704,74.34345,6210.67
112,Dehejia-Wahba Sample,1,20,12,1,0,0,0,989.2678,165.2077,0.0
113,Dehejia-Wahba Sample,1,18,11,1,0,0,1,858.2543,214.5636,929.8839
114,Dehejia-Wahba Sample,1,27,12,1,0,1,0,3670.872,334.0493,0.0
115,Dehejia-Wahba Sample,1,21,12,0,0,0,0,3670.872,334.0494,12558.02
116,Dehejia-Wahba Sample,1,27,12,1,0,0,0,2143.413,357.9499,22163.25
117,Dehejia-Wahba Sample,1,20,12,1,0,0,0,0.0,377.5686,1652.637
118,Dehejia-Wahba Sample,1,19,10,1,0,0,1,0.0,385.2741,8124.715
119,Dehejia-Wahba Sample,1,23,12,1,0,0,0,5506.308,501.0741,671.3318
120,Dehejia-Wahba Sample,1,29,14,1,0,0,0,0.0,679.6734,17814.98
121,Dehejia-Wahba Sample,1,18,10,1,0,0,1,0.0,798.9079,9737.154
122,Dehejia-Wahba Sample,1,19,9,1,0,0,1,0.0,798.9079,17685.18
123,Dehejia-Wahba Sample,1,27,13,0,0,1,0,9381.566,853.7225,0.0
124,Dehejia-Wahba Sample,1,18,11,0,0,0,1,3678.231,919.5579,4321.705
125,Dehejia-Wahba Sample,1,27,9,1,0,1,1,0.0,934.4454,1773.423
126,Dehejia-Wahba Sample,1,22,12,1,0,0,0,5605.852,936.1773,0.0
127,Dehejia-Wahba Sample,1,23,10,1,0,1,1,0.0,936.4386,11233.26
128,Dehejia-Wahba Sample,1,23,12,0,1,0,0,9385.74,1117.439,559.4432
129,Dehejia-Wahba Sample,1,20,11,1,0,0,1,3637.498,1220.836,1085.44
130,Dehejia-Wahba Sample,1,17,9,1,0,0,1,1716.509,1253.439,5445.2
131,Dehejia-Wahba Sample,1,28,11,1,0,0,1,0.0,1284.079,60307.93
132,Dehejia-Wahba Sample,1,26,11,1,0,1,1,0.0,1392.853,1460.36
133,Dehejia-Wahba Sample,1,20,11,1,0,0,1,16318.62,1484.994,6943.342
134,Dehejia-Wahba Sample,1,24,11,1,0,1,1,824.3886,1666.113,4032.708
135,Dehejia-Wahba Sample,1,31,9,1,0,0,1,0.0,1698.607,10363.27
136,Dehejia-Wahba Sample,1,23,8,0,0,1,1,0.0,1713.15,4232.309
137,Dehejia-Wahba Sample,1,18,10,1,0,0,1,2143.411,1784.274,11141.39
138,Dehejia-Wahba Sample,1,29,12,1,0,0,0,10881.94,1817.284,0.0
139,Dehejia-Wahba Sample,1,26,11,0,0,0,1,0.0,2226.266,13385.86
140,Dehejia-Wahba Sample,1,24,9,1,0,0,1,9154.7,2288.675,4849.559
141,Dehejia-Wahba Sample,1,25,12,1,0,0,0,14426.79,2409.274,0.0
142,Dehejia-Wahba Sample,1,24,10,1,0,0,1,4250.402,2421.947,1660.508
143,Dehejia-Wahba Sample,1,46,8,1,0,0,1,3165.658,2594.723,0.0
144,Dehejia-Wahba Sample,1,31,12,0,0,0,0,0.0,2611.218,2484.549
145,Dehejia-Wahba Sample,1,19,11,1,0,0,1,2305.026,2615.276,4146.603
146,Dehejia-Wahba Sample,1,19,8,1,0,0,1,0.0,2657.057,9970.681
147,Dehejia-Wahba Sample,1,27,11,1,0,0,1,2206.94,2666.274,0.0
148,Dehejia-Wahba Sample,1,26,11,1,0,1,1,0.0,2754.646,26372.28
149,Dehejia-Wahba Sample,1,20,10,1,0,0,1,5005.731,2777.355,5615.189
150,Dehejia-Wahba Sample,1,28,10,1,0,0,1,0.0,2836.506,3196.571
151,Dehejia-Wahba Sample,1,24,12,1,0,0,0,13765.75,2842.764,6167.681
152,Dehejia-Wahba Sample,1,19,8,1,0,0,1,2636.353,2937.264,7535.942
153,Dehejia-Wahba Sample,1,23,12,1,0,0,0,6269.341,3039.96,8484.239
154,Dehejia-Wahba Sample,1,42,9,1,0,1,1,0.0,3058.531,1294.409
155,Dehejia-Wahba Sample,1,25,13,1,0,0,0,12362.93,3090.732,0.0
156,Dehejia-Wahba Sample,1,18,9,1,0,0,1,0.0,3287.375,5010.342
157,Dehejia-Wahba Sample,1,21,12,1,0,0,0,6473.683,3332.409,9371.037
158,Dehejia-Wahba Sample,1,27,10,1,0,0,1,1001.146,3550.075,0.0
159,Dehejia-Wahba Sample,1,21,8,1,0,0,1,989.2678,3695.897,4279.613
160,Dehejia-Wahba Sample,1,22,9,1,0,0,1,2192.877,3836.986,3462.564
161,Dehejia-Wahba Sample,1,31,4,1,0,0,1,8517.589,4023.211,7382.549
162,Dehejia-Wahba Sample,1,24,10,1,0,1,1,11703.2,4078.152,0.0
163,Dehejia-Wahba Sample,1,29,10,1,0,0,1,0.0,4398.95,0.0
164,Dehejia-Wahba Sample,1,29,12,1,0,0,0,9748.387,4878.937,10976.51
165,Dehejia-Wahba Sample,1,19,10,0,0,0,1,0.0,5324.109,13829.62
166,Dehejia-Wahba Sample,1,19,11,0,1,1,1,5424.485,5463.803,6788.463
167,Dehejia-Wahba Sample,1,31,9,1,0,0,1,10717.03,5517.841,9558.501
168,Dehejia-Wahba Sample,1,22,10,1,0,1,1,1468.348,5588.664,13228.28
169,Dehejia-Wahba Sample,1,21,9,1,0,0,1,6416.47,5749.331,743.6666
170,Dehejia-Wahba Sample,1,17,10,1,0,0,1,1291.468,5793.852,5522.788
171,Dehejia-Wahba Sample,1,26,12,1,0,1,0,8408.762,5794.831,1424.944
172,Dehejia-Wahba Sample,1,20,9,0,1,0,1,12260.78,5875.049,1358.643
173,Dehejia-Wahba Sample,1,19,10,1,0,0,1,4121.949,6056.754,0.0
174,Dehejia-Wahba Sample,1,26,10,1,0,0,1,25929.68,6788.958,672.8773
175,Dehejia-Wahba Sample,1,28,11,1,0,0,1,1929.029,6871.856,0.0
176,Dehejia-Wahba Sample,1,22,12,0,1,1,0,492.2305,7055.702,10092.83
177,Dehejia-Wahba Sample,1,33,11,1,0,0,1,0.0,7867.916,6281.433
178,Dehejia-Wahba Sample,1,22,12,0,0,0,0,6759.994,8455.504,12590.71
179,Dehejia-Wahba Sample,1,29,10,0,1,0,1,0.0,8853.674,5112.014
180,Dehejia-Wahba Sample,1,33,12,1,0,1,0,20279.95,10941.35,15952.6
181,Dehejia-Wahba Sample,1,25,14,1,0,1,0,35040.07,11536.57,36646.95
182,Dehejia-Wahba Sample,1,35,9,1,0,1,1,13602.43,13830.64,12803.97
183,Dehejia-Wahba Sample,1,35,8,1,0,1,1,13732.07,17976.15,3786.628
184,Dehejia-Wahba Sample,1,33,11,1,0,1,1,14660.71,25142.24,4181.942
185,Dehejia-Wahba Sample,0,23,10,1,0,0,1,0.0,0.0,0.0
186,Dehejia-Wahba Sample,0,26,12,0,0,0,0,0.0,0.0,12383.68
187,Dehejia-Wahba Sample,0,22,9,1,0,0,1,0.0,0.0,0.0
188,Dehejia-Wahba Sample,0,18,9,1,0,0,1,0.0,0.0,10740.08
189,Dehejia-Wahba Sample,0,45,11,1,0,0,1,0.0,0.0,11796.47
190,Dehejia-Wahba Sample,0,18,9,1,0,0,1,0.0,0.0,9227.052
191,Dehejia-Wahba Sample,0,24,8,0,0,0,1,0.0,0.0,10569.27
192,Dehejia-Wahba Sample,0,34,11,1,0,1,1,0.0,0.0,6040.335
193,Dehejia-Wahba Sample,0,24,4,0,1,0,1,0.0,0.0,3880.833
194,Dehejia-Wahba Sample,0,36,10,1,0,0,1,0.0,0.0,0.0
195,Dehejia-Wahba Sample,0,21,14,1,0,0,0,0.0,0.0,5775.062
196,Dehejia-Wahba Sample,0,28,9,1,0,0,1,0.0,0.0,0.0
197,Dehejia-Wahba Sample,0,27,7,1,0,1,1,0.0,0.0,0.0
198,Dehejia-Wahba Sample,0,19,11,0,0,0,1,0.0,0.0,0.0
199,Dehejia-Wahba Sample,0,20,8,1,0,0,1,0.0,0.0,0.0
200,Dehejia-Wahba Sample,0,34,12,1,0,0,0,0.0,0.0,2113.722
201,Dehejia-Wahba Sample,0,24,10,1,0,0,1,0.0,0.0,7618.639
202,Dehejia-Wahba Sample,0,22,8,0,1,0,1,0.0,0.0,9920.945
203,Dehejia-Wahba Sample,0,25,11,1,0,0,1,0.0,0.0,4196.375
204,Dehejia-Wahba Sample,0,39,9,1,0,0,1,0.0,0.0,0.0
205,Dehejia-Wahba Sample,0,19,9,1,0,1,1,0.0,0.0,16658.25
206,Dehejia-Wahba Sample,0,44,9,1,0,0,1,0.0,0.0,9722.003
207,Dehejia-Wahba Sample,0,27,8,1,0,0,1,0.0,0.0,3783.66
208,Dehejia-Wahba Sample,0,25,8,1,0,0,1,0.0,0.0,3515.929
209,Dehejia-Wahba Sample,0,31,10,1,0,0,1,0.0,0.0,17014.59
210,Dehejia-Wahba Sample,0,34,10,1,0,1,1,0.0,0.0,0.0
211,Dehejia-Wahba Sample,0,21,7,0,1,0,1,0.0,0.0,0.0
212,Dehejia-Wahba Sample,0,33,12,1,0,0,0,0.0,0.0,5970.257
213,Dehejia-Wahba Sample,0,18,10,0,1,0,1,0.0,0.0,1859.167
214,Dehejia-Wahba Sample,0,26,12,1,0,1,0,0.0,0.0,6191.943
215,Dehejia-Wahba Sample,0,31,12,1,0,0,0,0.0,0.0,7284.394
216,Dehejia-Wahba Sample,0,35,10,1,0,0,1,0.0,0.0,445.8309
217,Dehejia-Wahba Sample,0,20,12,1,0,0,0,0.0,0.0,0.0
218,Dehejia-Wahba Sample,0,25,11,1,0,0,1,0.0,0.0,0.0
219,Dehejia-Wahba Sample,0,25,10,1,0,0,1,0.0,0.0,7367.04
220,Dehejia-Wahba Sample,0,35,11,1,0,0,1,0.0,0.0,0.0
221,Dehejia-Wahba Sample,0,20,10,1,0,0,1,0.0,0.0,2015.503
222,Dehejia-Wahba Sample,0,25,9,0,1,0,1,0.0,0.0,15791.13
223,Dehejia-Wahba Sample,0,27,10,1,0,0,1,0.0,0.0,1135.47
224,Dehejia-Wahba Sample,0,20,11,0,1,0,1,0.0,0.0,6378.72
225,Dehejia-Wahba Sample,0,26,11,1,0,0,1,0.0,0.0,7176.187
226,Dehejia-Wahba Sample,0,38,8,1,0,0,1,0.0,0.0,0.0
227,Dehejia-Wahba Sample,0,34,10,1,0,0,1,0.0,0.0,7952.54
228,Dehejia-Wahba Sample,0,19,12,1,0,0,0,0.0,0.0,0.0
229,Dehejia-Wahba Sample,0,32,8,1,0,0,1,0.0,0.0,7152.132
230,Dehejia-Wahba Sample,0,20,9,0,1,0,1,0.0,0.0,8329.823
231,Dehejia-Wahba Sample,0,23,10,1,0,0,1,0.0,0.0,0.0
232,Dehejia-Wahba Sample,0,38,10,1,0,0,1,0.0,0.0,12429.91
233,Dehejia-Wahba Sample,0,24,11,1,0,0,1,0.0,0.0,0.0
234,Dehejia-Wahba Sample,0,23,11,1,0,0,1,0.0,0.0,5088.76
235,Dehejia-Wahba Sample,0,20,7,0,1,0,1,0.0,0.0,4374.04
236,Dehejia-Wahba Sample,0,21,11,1,0,0,1,0.0,0.0,1553.291
237,Dehejia-Wahba Sample,0,25,10,1,0,0,1,0.0,0.0,0.0
238,Dehejia-Wahba Sample,0,22,11,1,0,1,1,0.0,0.0,1698.304
239,Dehejia-Wahba Sample,0,23,11,1,0,0,1,0.0,0.0,0.0
240,Dehejia-Wahba Sample,0,24,12,0,0,0,0,0.0,0.0,11294.63
241,Dehejia-Wahba Sample,0,29,11,1,0,0,1,0.0,0.0,0.0
242,Dehejia-Wahba Sample,0,24,11,1,0,0,1,0.0,0.0,14626.39
243,Dehejia-Wahba Sample,0,22,9,1,0,0,1,0.0,0.0,12898.38
244,Dehejia-Wahba Sample,0,28,11,1,0,0,1,0.0,0.0,5767.133
245,Dehejia-Wahba Sample,0,18,10,0,1,0,1,0.0,0.0,6527.919
246,Dehejia-Wahba Sample,0,26,10,1,0,0,1,0.0,0.0,3931.238
247,Dehejia-Wahba Sample,0,25,10,1,0,0,1,0.0,0.0,20942.24
248,Dehejia-Wahba Sample,0,24,10,1,0,0,1,0.0,0.0,0.0
249,Dehejia-Wahba Sample,0,26,5,1,0,0,1,0.0,0.0,0.0
250,Dehejia-Wahba Sample,0,36,10,1,0,0,1,0.0,0.0,14690.35
251,Dehejia-Wahba Sample,0,22,11,1,0,0,1,0.0,0.0,0.0
252,Dehejia-Wahba Sample,0,25,12,1,0,0,0,0.0,0.0,3418.097
253,Dehejia-Wahba Sample,0,27,11,1,0,0,1,0.0,0.0,11197.34
254,Dehejia-Wahba Sample,0,29,8,1,0,0,1,0.0,0.0,0.0
255,Dehejia-Wahba Sample,0,24,12,1,0,0,0,0.0,0.0,0.0
256,Dehejia-Wahba Sample,0,22,10,1,0,0,1,0.0,0.0,0.0
257,Dehejia-Wahba Sample,0,24,7,1,0,0,1,0.0,0.0,1455.69
258,Dehejia-Wahba Sample,0,29,12,1,0,0,0,0.0,0.0,1890.937
259,Dehejia-Wahba Sample,0,25,11,0,1,1,1,0.0,0.0,4485.616
260,Dehejia-Wahba Sample,0,30,12,1,0,0,0,0.0,0.0,13613.35
261,Dehejia-Wahba Sample,0,22,8,1,0,0,1,0.0,0.0,1390.509
262,Dehejia-Wahba Sample,0,55,3,1,0,0,1,0.0,0.0,5843.796
263,Dehejia-Wahba Sample,0,20,10,1,0,0,1,0.0,0.0,8598.522
264,Dehejia-Wahba Sample,0,34,11,1,0,0,1,0.0,0.0,2920.199
265,Dehejia-Wahba Sample,0,22,12,1,0,0,0,0.0,0.0,0.0
266,Dehejia-Wahba Sample,0,32,12,0,1,1,0,0.0,0.0,6735.32
267,Dehejia-Wahba Sample,0,31,10,1,0,0,1,0.0,0.0,0.0
268,Dehejia-Wahba Sample,0,18,9,1,0,0,1,0.0,0.0,0.0
269,Dehejia-Wahba Sample,0,50,10,0,1,0,1,0.0,0.0,0.0
270,Dehejia-Wahba Sample,0,25,11,1,0,1,1,0.0,0.0,44.75546
271,Dehejia-Wahba Sample,0,23,10,1,0,1,1,0.0,0.0,0.0
272,Dehejia-Wahba Sample,0,38,10,1,0,0,1,0.0,0.0,0.0
273,Dehejia-Wahba Sample,0,25,10,1,0,1,1,0.0,0.0,3701.812
274,Dehejia-Wahba Sample,0,42,10,1,0,0,1,0.0,0.0,6930.336
275,Dehejia-Wahba Sample,0,39,12,1,0,1,0,0.0,0.0,3795.799
276,Dehejia-Wahba Sample,0,34,13,1,0,1,0,0.0,0.0,5193.247
277,Dehejia-Wahba Sample,0,24,7,1,0,0,1,0.0,0.0,2193.528
278,Dehejia-Wahba Sample,0,32,11,1,0,0,1,0.0,0.0,11120.53
279,Dehejia-Wahba Sample,0,27,13,1,0,0,0,0.0,0.0,7609.518
280,Dehejia-Wahba Sample,0,26,10,1,0,0,1,0.0,0.0,2169.027
281,Dehejia-Wahba Sample,0,44,11,1,0,0,1,0.0,0.0,0.0
282,Dehejia-Wahba Sample,0,25,11,1,0,0,1,0.0,0.0,1264.232
283,Dehejia-Wahba Sample,0,25,12,1,0,0,0,0.0,0.0,0.0
284,Dehejia-Wahba Sample,0,28,12,1,0,1,0,0.0,0.0,0.0
285,Dehejia-Wahba Sample,0,32,10,1,0,0,1,0.0,0.0,0.0
286,Dehejia-Wahba Sample,0,22,10,1,0,0,1,0.0,0.0,0.0
287,Dehejia-Wahba Sample,0,19,9,1,0,0,1,0.0,0.0,5712.643
288,Dehejia-Wahba Sample,0,31,10,1,0,1,1,0.0,0.0,0.0
289,Dehejia-Wahba Sample,0,23,11,1,0,0,1,0.0,0.0,0.0
290,Dehejia-Wahba Sample,0,33,11,1,0,0,1,0.0,0.0,0.0
291,Dehejia-Wahba Sample,0,27,10,1,0,0,1,0.0,0.0,1184.882
292,Dehejia-Wahba Sample,0,29,11,1,0,1,1,0.0,0.0,10225.88
293,Dehejia-Wahba Sample,0,23,10,1,0,0,1,0.0,0.0,0.0
294,Dehejia-Wahba Sample,0,25,9,1,0,1,1,0.0,0.0,4715.371
295,Dehejia-Wahba Sample,0,25,10,1,0,0,1,0.0,0.0,289.7899
296,Dehejia-Wahba Sample,0,24,10,1,0,0,1,0.0,0.0,0.0
297,Dehejia-Wahba Sample,0,28,8,0,0,0,1,0.0,0.0,8190.421
298,Dehejia-Wahba Sample,0,26,6,1,0,0,1,0.0,0.0,4813.05
299,Dehejia-Wahba Sample,0,30,14,1,0,1,0,0.0,0.0,7344.678
300,Dehejia-Wahba Sample,0,25,10,1,0,1,1,0.0,0.0,0.0
301,Dehejia-Wahba Sample,0,29,11,1,0,1,1,0.0,0.0,0.0
302,Dehejia-Wahba Sample,0,25,12,1,0,1,0,0.0,0.0,0.0
303,Dehejia-Wahba Sample,0,28,13,1,0,0,0,0.0,0.0,0.0
304,Dehejia-Wahba Sample,0,23,11,1,0,0,1,0.0,0.0,4350.907
305,Dehejia-Wahba Sample,0,54,11,1,0,0,1,0.0,0.0,7812.522
306,Dehejia-Wahba Sample,0,33,5,0,1,0,1,0.0,0.0,0.0
307,Dehejia-Wahba Sample,0,20,8,1,0,0,1,0.0,0.0,3644.655
308,Dehejia-Wahba Sample,0,45,9,1,0,0,1,0.0,0.0,4844.803
309,Dehejia-Wahba Sample,0,39,6,1,0,0,1,0.0,0.0,0.0
310,Dehejia-Wahba Sample,0,26,12,1,0,0,0,0.0,0.0,0.0
311,Dehejia-Wahba Sample,0,23,10,1,0,0,1,0.0,0.0,0.0
312,Dehejia-Wahba Sample,0,27,12,0,0,0,0,0.0,0.0,14792.9
313,Dehejia-Wahba Sample,0,33,9,0,1,1,1,0.0,0.0,0.0
314,Dehejia-Wahba Sample,0,25,10,1,0,1,1,0.0,0.0,0.0
315,Dehejia-Wahba Sample,0,23,8,1,0,0,1,0.0,0.0,3746.701
316,Dehejia-Wahba Sample,0,18,8,1,0,0,1,0.0,0.0,1568.15
317,Dehejia-Wahba Sample,0,17,8,1,0,0,1,0.0,0.0,7010.444
318,Dehejia-Wahba Sample,0,19,9,0,1,0,1,0.0,0.0,3811.683
319,Dehejia-Wahba Sample,0,18,8,0,1,0,1,0.0,0.0,10798.56
320,Dehejia-Wahba Sample,0,18,11,1,0,0,1,0.0,0.0,4657.273
321,Dehejia-Wahba Sample,0,17,11,1,0,0,1,0.0,0.0,8551.533
322,Dehejia-Wahba Sample,0,19,10,1,0,0,1,0.0,0.0,4309.878
323,Dehejia-Wahba Sample,0,19,10,1,0,0,1,0.0,0.0,5286.396
324,Dehejia-Wahba Sample,0,18,9,1,0,0,1,0.0,0.0,12486.17
325,Dehejia-Wahba Sample,0,18,9,1,0,0,1,0.0,0.0,10877.35
326,Dehejia-Wahba Sample,0,18,10,1,0,0,1,0.0,0.0,202.2847
327,Dehejia-Wahba Sample,0,17,10,1,0,0,1,0.0,0.0,2657.705
328,Dehejia-Wahba Sample,0,18,7,1,0,0,1,0.0,0.0,4132.577
329,Dehejia-Wahba Sample,0,18,11,1,0,0,1,0.0,0.0,11303.14
330,Dehejia-Wahba Sample,0,19,10,0,1,0,1,0.0,0.0,0.0
331,Dehejia-Wahba Sample,0,18,9,1,0,0,1,0.0,0.0,0.0
332,Dehejia-Wahba Sample,0,17,10,1,0,0,1,0.0,0.0,0.0
333,Dehejia-Wahba Sample,0,17,10,1,0,0,1,0.0,0.0,2189.426
334,Dehejia-Wahba Sample,0,19,11,1,0,0,1,0.0,0.0,0.0
335,Dehejia-Wahba Sample,0,17,8,0,0,0,1,0.0,0.0,10210.99
336,Dehejia-Wahba Sample,0,18,10,1,0,0,1,0.0,0.0,11048.08
337,Dehejia-Wahba Sample,0,18,9,1,0,0,1,0.0,0.0,0.0
338,Dehejia-Wahba Sample,0,17,8,1,0,0,1,0.0,0.0,8993.865
339,Dehejia-Wahba Sample,0,19,6,0,1,0,1,0.0,0.0,5071.801
340,Dehejia-Wahba Sample,0,19,10,0,0,0,1,0.0,0.0,3194.01
341,Dehejia-Wahba Sample,0,17,11,0,0,0,1,0.0,0.0,0.0
342,Dehejia-Wahba Sample,0,20,9,1,0,0,1,0.0,0.0,5193.089
343,Dehejia-Wahba Sample,0,17,9,1,0,0,1,0.0,0.0,0.0
344,Dehejia-Wahba Sample,0,17,10,1,0,0,1,0.0,0.0,275.5661
345,Dehejia-Wahba Sample,0,17,9,1,0,0,1,0.0,0.0,3590.702
346,Dehejia-Wahba Sample,0,19,11,1,0,0,1,0.0,0.0,0.0
347,Dehejia-Wahba Sample,0,19,10,1,0,1,1,0.0,0.0,12797.67
348,Dehejia-Wahba Sample,0,20,9,1,0,0,1,0.0,0.0,2035.914
349,Dehejia-Wahba Sample,0,18,9,1,0,0,1,0.0,0.0,2389.679
350,Dehejia-Wahba Sample,0,18,11,1,0,0,1,0.0,0.0,0.0
351,Dehejia-Wahba Sample,0,17,10,0,1,0,1,0.0,0.0,8469.275
352,Dehejia-Wahba Sample,0,19,11,1,0,0,1,0.0,0.0,0.0
353,Dehejia-Wahba Sample,0,17,10,1,0,0,1,0.0,0.0,1143.387
354,Dehejia-Wahba Sample,0,17,9,0,1,0,1,0.0,0.0,5114.814
355,Dehejia-Wahba Sample,0,18,10,1,0,0,1,0.0,0.0,781.2243
356,Dehejia-Wahba Sample,0,21,9,1,0,0,1,591.4991,0.0,3343.224
357,Dehejia-Wahba Sample,0,18,10,1,0,0,1,1563.249,0.0,9602.439
358,Dehejia-Wahba Sample,0,19,11,1,0,0,1,1626.623,0.0,0.0
359,Dehejia-Wahba Sample,0,24,9,1,0,0,1,2788.498,0.0,16461.57
360,Dehejia-Wahba Sample,0,28,11,0,1,1,1,3472.948,0.0,6771.622
361,Dehejia-Wahba Sample,0,25,11,1,0,0,1,5281.245,0.0,0.0
362,Dehejia-Wahba Sample,0,21,7,1,0,0,1,33799.95,0.0,11011.57
363,Dehejia-Wahba Sample,0,39,11,1,0,0,1,0.0,83.68964,0.0
364,Dehejia-Wahba Sample,0,36,12,1,0,0,0,0.0,142.3973,0.0
365,Dehejia-Wahba Sample,0,24,12,1,0,0,0,0.0,159.8847,0.0
366,Dehejia-Wahba Sample,0,17,11,1,0,0,1,989.2678,165.2077,4251.127
367,Dehejia-Wahba Sample,0,18,10,1,0,0,1,960.4268,240.1067,2891.668
368,Dehejia-Wahba Sample,0,18,10,1,0,0,1,0.0,273.5525,5514.365
369,Dehejia-Wahba Sample,0,28,10,1,0,0,1,1471.293,367.8234,4858.895
370,Dehejia-Wahba Sample,0,27,13,0,0,0,0,5214.306,474.5018,4812.576
371,Dehejia-Wahba Sample,0,31,12,0,0,0,0,0.0,494.643,0.0
372,Dehejia-Wahba Sample,0,22,9,1,0,0,1,0.0,506.4076,604.1987
373,Dehejia-Wahba Sample,0,31,10,1,0,0,1,0.0,520.4463,14527.88
374,Dehejia-Wahba Sample,0,26,10,1,0,1,1,6140.367,558.7734,0.0
375,Dehejia-Wahba Sample,0,18,9,0,0,0,1,0.0,559.596,7300.498
376,Dehejia-Wahba Sample,0,23,11,1,0,0,1,6382.309,580.7901,0.0
377,Dehejia-Wahba Sample,0,20,12,1,0,0,0,0.0,591.8151,4159.919
378,Dehejia-Wahba Sample,0,19,10,1,0,0,1,0.0,604.1539,0.0
379,Dehejia-Wahba Sample,0,18,11,1,0,0,1,1064.699,645.2723,5497.591
380,Dehejia-Wahba Sample,0,17,10,1,0,0,1,0.0,664.569,0.0
381,Dehejia-Wahba Sample,0,27,12,1,0,1,0,0.0,752.3901,0.0
382,Dehejia-Wahba Sample,0,27,11,1,0,0,1,3065.194,766.2986,0.0
383,Dehejia-Wahba Sample,0,28,12,0,0,0,0,0.0,803.343,16477.02
384,Dehejia-Wahba Sample,0,28,11,1,0,0,1,2431.949,863.4795,0.0
385,Dehejia-Wahba Sample,0,21,10,1,0,0,1,6661.063,1162.362,39483.53
386,Dehejia-Wahba Sample,0,17,10,0,1,0,1,4905.119,1168.902,11306.27
387,Dehejia-Wahba Sample,0,26,11,1,0,0,1,4699.963,1174.991,6672.021
388,Dehejia-Wahba Sample,0,29,9,1,0,0,1,0.0,1203.824,9378.653
389,Dehejia-Wahba Sample,0,17,10,0,1,0,1,1203.609,1239.628,5088.986
390,Dehejia-Wahba Sample,0,22,11,1,0,0,1,7914.131,1321.66,2639.29
391,Dehejia-Wahba Sample,0,24,11,1,0,0,1,0.0,1327.993,9495.902
392,Dehejia-Wahba Sample,0,20,12,1,0,0,0,557.6988,1371.473,20893.11
393,Dehejia-Wahba Sample,0,18,12,1,0,0,0,0.0,1405.512,0.0
394,Dehejia-Wahba Sample,0,24,11,0,0,0,1,2669.725,1468.383,10361.69
395,Dehejia-Wahba Sample,0,21,9,0,0,0,1,2988.412,1577.167,1740.199
396,Dehejia-Wahba Sample,0,30,8,1,0,0,1,0.0,1706.657,0.0
397,Dehejia-Wahba Sample,0,31,11,1,0,0,1,17711.88,1726.445,0.0
398,Dehejia-Wahba Sample,0,17,10,0,1,0,1,1442.681,1734.559,6354.194
399,Dehejia-Wahba Sample,0,19,9,1,0,0,1,8409.627,1778.089,7171.0
400,Dehejia-Wahba Sample,0,23,11,1,0,0,1,0.0,1896.023,5573.547
401,Dehejia-Wahba Sample,0,22,12,1,0,0,0,4380.017,2003.68,439.6881
402,Dehejia-Wahba Sample,0,29,12,1,0,0,0,22859.44,2080.209,16969.95
403,Dehejia-Wahba Sample,0,22,10,1,0,0,1,0.0,2174.955,5344.021
404,Dehejia-Wahba Sample,0,29,13,1,0,0,0,718.2492,2265.579,2725.322
405,Dehejia-Wahba Sample,0,19,11,1,0,0,1,721.3406,2445.589,9772.283
406,Dehejia-Wahba Sample,0,17,9,1,0,0,1,0.0,2595.267,0.0
407,Dehejia-Wahba Sample,0,18,10,1,0,0,1,1716.509,2682.125,0.0
408,Dehejia-Wahba Sample,0,19,12,1,0,0,0,8417.0,2814.195,1720.907
409,Dehejia-Wahba Sample,0,20,6,1,0,0,1,6006.879,2850.61,0.0
410,Dehejia-Wahba Sample,0,33,11,1,0,0,1,10523.83,2899.82,18859.89
411,Dehejia-Wahba Sample,0,36,11,0,1,0,1,5443.734,3063.878,1324.542
412,Dehejia-Wahba Sample,0,25,11,1,0,0,1,15209.99,3072.726,284.6584
413,Dehejia-Wahba Sample,0,19,11,1,0,0,1,3504.014,3285.68,11195.93
414,Dehejia-Wahba Sample,0,23,8,1,0,0,1,7724.283,3403.056,0.0
415,Dehejia-Wahba Sample,0,17,11,1,0,0,1,4080.73,3796.029,0.0
416,Dehejia-Wahba Sample,0,43,10,1,0,0,1,2502.868,4128.443,7565.273
417,Dehejia-Wahba Sample,0,26,11,1,0,1,1,0.0,4184.732,0.0
418,Dehejia-Wahba Sample,0,27,11,1,0,1,1,0.0,4491.884,0.0
419,Dehejia-Wahba Sample,0,19,11,1,0,0,1,6337.492,4503.064,0.0
420,Dehejia-Wahba Sample,0,28,11,1,0,1,1,8593.163,5393.895,4974.586
421,Dehejia-Wahba Sample,0,28,12,1,0,1,0,10585.13,5551.456,12780.02
422,Dehejia-Wahba Sample,0,26,8,1,0,0,1,1126.29,5562.598,3523.578
423,Dehejia-Wahba Sample,0,31,12,1,0,0,0,0.0,5613.909,0.0
424,Dehejia-Wahba Sample,0,23,11,1,0,0,1,7617.362,5716.407,10274.84
425,Dehejia-Wahba Sample,0,20,12,1,0,0,0,7182.492,6004.728,4779.72
426,Dehejia-Wahba Sample,0,28,10,1,0,1,1,8293.345,6449.48,16988.18
427,Dehejia-Wahba Sample,0,39,12,1,0,1,0,19785.32,6608.137,499.2572
428,Dehejia-Wahba Sample,0,21,8,1,0,0,1,39570.68,6608.304,3083.581
429,Dehejia-Wahba Sample,0,22,11,1,0,0,1,8810.067,6974.484,3708.719
430,Dehejia-Wahba Sample,0,20,11,1,0,0,1,8009.164,7666.875,7659.218
431,Dehejia-Wahba Sample,0,21,11,0,1,0,1,2992.534,8920.471,20857.84
432,Dehejia-Wahba Sample,0,23,12,0,1,0,0,5721.696,8960.684,7078.178
433,Dehejia-Wahba Sample,0,29,9,1,0,0,1,9268.943,9160.693,0.0
434,Dehejia-Wahba Sample,0,28,9,1,0,1,1,10222.41,9210.447,1239.844
435,Dehejia-Wahba Sample,0,30,11,1,0,1,1,0.0,9311.938,3982.801
436,Dehejia-Wahba Sample,0,25,10,1,0,1,1,13519.97,9319.444,0.0
437,Dehejia-Wahba Sample,0,28,11,1,0,1,1,824.3889,10033.91,0.0
438,Dehejia-Wahba Sample,0,22,10,0,0,0,1,27864.36,10598.67,7094.92
439,Dehejia-Wahba Sample,0,44,9,1,0,1,1,12260.78,10857.24,12359.31
440,Dehejia-Wahba Sample,0,21,9,1,0,0,1,31886.43,12357.22,0.0
441,Dehejia-Wahba Sample,0,28,11,1,0,0,1,17491.45,13371.25,0.0
442,Dehejia-Wahba Sample,0,29,9,0,1,0,1,9594.308,16341.16,16900.3
443,Dehejia-Wahba Sample,0,25,9,1,0,1,1,24731.62,16946.63,7343.964
444,Dehejia-Wahba Sample,0,22,10,0,0,1,1,25720.92,23031.98,5448.801
